Points,Time (seconds)
100,3.099608
200,24.610310
300,83.642090
400,197.229051
500,385.617385
600,667.196587
700,1057.153329
800,1581.624845
900,2250.917874
1000,3079.283715
