Points,Time (seconds)
100,3.125414
200,24.893150
300,84.363649
400,199.555574
500,388.802391
600,672.600140
700,1069.841699
800,1595.336869
900,2263.985362
1000,3107.760800
