Points,Time (seconds)
100,3.10587233333
200,24.702618
300,83.8252323333
400,198.011967333
500,386.493394667
600,669.172804667
700,1060.82872367
800,1584.246185
900,2253.93470533
1000,3087.5106
